PDB,prots1,prots1,prots1,prots1,prots1,prots1,prots1,prots1,prots1,prots1,prots1,prots1,prots1,prots1,prots1,prots1,prots1,prots1,prots1,prots1,prots1,prots1,prots1,prots1,prots1,prots1
Chain,a,b,c,d,e,f,g,h,i,j,k,l,m,n,o,p,q,r,s,t,u,v,w,x,y,z
388,4.3911581818911225,9.399077163752578,8.803385880441596,7.165682718680521,8.151133173709336,3.2533827721557262,0.9515969802411676,8.688071893306244,5.734086918710659,12.88420050624681,4.743762966171616,3.9282969618898345,10.423548153493519,7.3470396906432,10.86050121352129,8.625229633173252,8.592115880671107,9.291517034023151,9.980771045553643,6.623678754451885,11.607101515238968,10.444780075857317,8.32078623874916,8.927326881168362,6.709669706942185,8.576033616664393
385,4.718660951516891,10.845620968012577,10.043639815220471,7.946952462878605,9.25714851155794,3.9912096364602507,1.3767963567063353,10.139916145433775,8.247574451203615,14.076835975910484,5.119953108795244,4.710004420838437,12.424749619576644,9.094294352738729,12.300753747193529,10.398776228927495,9.770324032247865,10.929412712322835,11.594590839838089,7.9176509572388865,14.615680620802909,11.289564515211591,9.977202871963348,10.546521725699105,8.781309915322291,9.963786553954668
455,0.9613795359372445,9.2847111425481,9.21424212072211,6.234215693678725,8.258955226329773,-1.1183409517266891,0.7286347647849429,9.681808841055375,1.287559518086482,11.872518408555091,5.4252978504032745,2.6861280012522184,12.174470909077522,5.137334540783602,10.897294226409947,8.957621698265111,7.330987151953186,10.336388120704962,10.323370525285267,7.869785319178663,13.928545672603338,2.016797125702218,9.057195235244462,8.788139905983359,4.749384716393966,2.038429366388279
293,10.285704410725472,9.783814689277204,10.028155977070695,0.9839521690757275,3.1590167216322342,1.8597891216975952,-0.00011023505115104049,10.514570750397901,6.918934482247868,11.6115913402364,5.263514106551024,4.662477996281419,-0.9732782417473742,9.954342404657785,11.522020269377911,10.175210818060087,9.013591556341114,11.230534258411156,11.3513757771501,-0.18108169091593332,-2.6800997706790834,4.906522207212601,10.718848105564199,-0.9930344728288076,6.35512098040999,7.155382908213325
287,10.62409929301252,10.347471545366071,9.509414043089858,1.6317717418734492,1.3378526900494954,1.9337052988201031,-0.025897783001905428,10.750380516732053,7.356812974834579,11.290550080074675,3.4490032021876504,5.498432569522444,2.8974909828688826,10.448732626409805,11.590519594958852,10.211180274578624,8.941268564968437,11.174412498850108,11.145551772630487,1.356299928962559,0.5087364659588608,5.1219184426056,10.76674892278704,1.224136164972993,5.799123023699464,8.823382522748858
498,2.519349269096531,8.618115450046597,7.975962858968798,0.13225845362519595,3.9303314139194874,-1.0940234511468692,-0.17686563789679058,10.068749502465273,1.926857869466886,9.734629264415135,0.8447867044653801,5.586868629180495,-0.1795940011774695,4.618607216611579,11.59887225875175,9.927794609799951,7.9947942888626065,6.805576083660181,10.510109755736162,1.1455370339539697,-0.8273423146255146,1.0850040375333463,5.47542898653,1.6423705735607688,6.294097538847128,0.2907809548130973
390,5.259859096253368,9.915411943588962,9.295273762293105,7.717296700381851,9.813114097719138,2.9675811674490564,3.270275136474432,9.01645647491965,8.168210650500095,13.407968307545861,7.157636462152505,4.305264097503812,11.204265140967749,9.289564002350739,11.842008491401428,9.963791051347648,8.759720247387632,10.13550632429456,10.893648896400093,8.098906387427604,13.53227890154564,10.354779834306592,9.04757387626799,10.186751714373823,7.101868384928729,8.526047321066985
115,1.5012434771069987,8.90724478600618,8.346009745987043,0.9951874812343773,7.390347547225401,-0.5931703452203756,0.2215339678391632,9.817573183691305,-0.02141642001903886,10.110902654932643,1.5982349156969293,5.6404348074397,0.8575720950094436,4.867834629598975,11.570064021096435,9.656072827037967,7.332729764328652,9.77938716161822,10.727465668361171,1.5578614678894172,-0.2164585413042816,1.8020276235330663,7.019178430900406,1.8252633096452056,5.677434767762146,0.9000216048230691
288,10.462914788104342,10.093933102891027,9.327243785288916,1.2131965845185224,2.3026508865670814,1.2059992278853748,0.0783315633127866,10.495157135500898,6.916278396959326,11.39505291824625,4.363032737133979,5.925533112925982,1.4316566406633824,9.715258712467945,11.478883776919929,10.570045446955914,8.807785525158918,11.156356667589515,11.211925188459096,0.7495556011175415,-1.0596492804906266,5.206353147678659,10.240251888654825,0.2316621752743206,6.323820796355285,6.855423506067513
458,1.2688868418859993,10.021431237753987,9.551364170295951,6.9687270322593715,10.180165322110982,-0.4748400357580081,2.3712737113978615,9.576474537195823,3.1997380641171227,12.963138557818471,7.133166402058003,2.012712554546589,12.332157651474668,5.870370826644755,11.511046659406468,9.583461669303825,8.244978950268692,10.754818431543258,10.648320309109279,8.813498291514746,14.57456259454314,3.6349789344392374,10.005560425214322,9.68413898680909,5.076989177170133,2.567724916064912
306,9.894964681485321,9.577365368083827,8.76669682254221,1.3372845522315204,1.5328575079349127,0.9186499443666458,-0.18776429849613321,10.278224389012868,6.43323467428221,10.35345903507708,2.291325240713107,5.05742461835896,2.550336365964133,9.651892301152518,11.536965828712715,9.849245951972799,8.341457417914249,10.369858883524438,10.270413030543331,0.7995327695662112,0.6733382788443236,3.612185636666673,9.964102563272142,0.6229358548962017,5.892692251568118,8.277407929580486
442,2.662259335721846,10.762231349274984,9.746840121845164,7.258052869781776,10.468506522396991,-0.4978664094908447,3.150666883450942,10.682818216329947,3.607569115472667,13.546345719406764,9.392410092059581,2.723670015081616,12.162199920938479,6.289834139846899,12.184018758159604,10.542015144752359,9.115108645758815,13.577311678542646,11.019843297367405,8.832169521993503,14.374094325789335,1.8167580620151615,12.628105554482305,9.810268195468334,4.978992453148328,4.2719077559113305
457,2.1763105190232404,10.166569619305523,9.665021279541005,7.611777719242339,10.177120713278633,-0.8869060515584679,2.5181411044895268,9.671730589300592,4.509890418291856,12.358415598953027,6.849271660393176,3.449573209296029,12.734609703951959,6.713645270241122,11.827856906246009,9.764729634314163,8.791162040729558,10.77822648619932,11.008966296050236,8.669951911881453,14.36874755111657,3.0208603725127743,10.049708951300047,10.399084583362765,6.6179880682668255,3.2587706425378453
18,3.498458267371494,8.83820172392874,9.21822482273651,1.1626392340126106,7.662085573150027,-0.09563920375312296,0.7250742972095943,11.225445615461412,2.898363160589044,9.93081252551399,0.7278575179846173,7.554321951260785,0.2488784089600392,7.111534586449914,13.002468958320252,10.415132331309092,8.601588092860869,6.082712538507619,11.939300481364896,0.22723359755121575,-1.002919384976083,3.0030567854585426,6.266341096737117,1.4993239877927587,8.099195099647257,2.2785893401462745
386,4.042074549993674,9.034363852740654,8.39287487438092,7.254907152764602,6.830211847632586,2.739654397970777,0.8891936662751042,8.515168335329026,6.359830954342255,11.548460109512353,3.9368122841022384,4.603081557065832,11.242848763525242,7.5795931179604255,10.261410975601835,8.446076024565503,8.08062862986625,9.54030739192228,9.89059315513115,7.13935040623031,13.635524927370351,8.922670782206179,8.430120216788248,9.130676845028265,6.877439342841504,6.2975183273243776
116,2.26792079024598,9.268322512526751,7.593537573981181,-0.37449007586377125,5.440480677650863,-0.47275495929517386,0.19189190981181115,10.719041279645916,0.8623001158096149,9.327375194645187,1.01309008268437,4.984008748606589,-1.8340415208426368,4.856156008362254,12.281874343713397,10.593304954739063,7.445018395566334,7.680637759671965,10.938462511735674,0.6556323269071305,-2.833355803247609,2.4651022837452206,6.325628980797603,-0.21781322877485162,5.533290989252069,-1.1704557496898622
383,5.551699578152822,9.423615087345206,8.937966351546628,7.481288717048487,8.599697285333187,2.7607991826741003,1.8172903909381537,8.718920893445247,6.940661301485256,12.82250760263012,5.0805381432158265,4.540003595897293,11.577660947871115,8.0311598309368,11.030361804715088,9.281632530770127,8.498110183038198,10.109391347444248,10.371626814944065,6.894652706141072,13.692449278161991,10.100568735076775,8.807778312333706,9.766249720210073,6.949656970511584,7.730006757636414
194,3.0694548080394752,10.84429262903005,10.011668958325581,6.710279508768957,10.11715093520726,-0.6689080009277119,2.1491423101461464,10.537348804674403,7.583484526813347,12.0013829121075,6.487269136355943,2.9639172435966588,10.817723560815335,8.28576402079872,12.743900805189238,10.514604704542206,10.042210474042639,12.891372312719497,11.150822973608896,6.482337051512584,12.716936089103255,2.621680398262601,12.491046206197563,8.633518462883371,7.228346453787732,5.481979986468716
113,2.12076154679356,8.536617557845064,8.575230257778012,0.16122822899954134,6.068710396260471,-0.9895829847074331,0.26202382617327485,9.552815099471815,1.66266036426758,9.977542147725307,1.8751433828081485,5.886002271760995,-0.9821208066965782,5.191595085863608,12.015834796559272,10.028028913268232,7.3885055677857805,5.9905424980182245,10.459387687374065,0.007340758628479537,-2.3452564449074265,3.4558438782345395,4.949412566936667,1.2056950505681339,7.486526299050431,-1.0189231831959908
291,10.67480242307538,10.571234707812406,10.138048031961684,1.3263909355825678,4.2563581938202395,1.505648326742469,0.3595975060583463,11.103075287950826,7.67746476555266,11.454777973645857,4.675594119970148,5.391724613493922,0.9001486971073827,10.698024082530964,12.350460964884743,10.273916498994064,9.296398318157797,11.687044582348314,11.64224854973666,0.8612014053315018,-1.1507641084261042,2.7745290215403506,10.75837055478107,0.733011309203684,7.325537373509663,7.679364812197649
